"Notes","Year","Year Code","MCD - ICD Sub-Chapter","MCD - ICD Sub-Chapter Code","Sex","Sex Code","Deaths","Population","Crude Rate","Age Adjusted Rate","% of Total Deaths","source_file","Crude Rate Lower 95% Confidence Interval","Crude Rate Upper 95% Confidence Interval","Age Adjusted Rate Lower 95% Confidence Interval","Age Adjusted Rate Upper 95% Confidence Interval"
"","1999",1999,"Renal failure","N17-N19","Female","F",28952,142237295,20.4,18,"1.5%","N181999",,,,
"","1999",1999,"Renal failure","N17-N19","Male","M",30887,136802873,22.6,28.4,"1.6%","N181999",,,,
"Total","1999",1999,"Renal failure","N17-N19","","",59839,279040168,21.4,21.9,"3.1%","N181999",,,,
"Total","1999",1999,"","","","",59839,279040168,21.4,21.9,"3.1%","N181999",,,,
"","2000",2000,"Renal failure","N17-N19","Female","F",30594,143368343,21.3,18.7,"1.6%","N181999",,,,
"","2000",2000,"Renal failure","N17-N19","Male","M",32011,138053563,23.2,29.3,"1.7%","N181999",,,,
"Total","2000",2000,"Renal failure","N17-N19","","",62605,281421906,22.2,22.6,"3.2%","N181999",,,,
"Total","2000",2000,"","","","",62605,281421906,22.2,22.6,"3.2%","N181999",,,,
"","2001",2001,"Renal failure","N17-N19","Female","F",32035,145077463,22.1,19.3,"1.7%","N181999",,,,
"","2001",2001,"Renal failure","N17-N19","Male","M",33668,139891492,24.1,30.1,"1.7%","N181999",,,,
"Total","2001",2001,"Renal failure","N17-N19","","",65703,284968955,23.1,23.4,"3.4%","N181999",,,,
"Total","2001",2001,"","","","",65703,284968955,23.1,23.4,"3.4%","N181999",,,,
"","2002",2002,"Renal failure","N17-N19","Female","F",33151,146394634,22.6,19.7,"1.7%","N181999",,,,
"","2002",2002,"Renal failure","N17-N19","Male","M",35359,141230559,25,31.2,"1.8%","N181999",,,,
"Total","2002",2002,"Renal failure","N17-N19","","",68510,287625193,23.8,24,"3.5%","N181999",,,,
"Total","2002",2002,"","","","",68510,287625193,23.8,24,"3.5%","N181999",,,,
"","2003",2003,"Renal failure","N17-N19","Female","F",34464,147679036,23.3,20.2,"1.8%","N181999",,,,
"","2003",2003,"Renal failure","N17-N19","Male","M",37464,142428897,26.3,32.3,"1.9%","N181999",,,,
"Total","2003",2003,"Renal failure","N17-N19","","",71928,290107933,24.8,24.8,"3.7%","N181999",,,,
"Total","2003",2003,"","","","",71928,290107933,24.8,24.8,"3.7%","N181999",,,,
"","2004",2004,"Renal failure","N17-N19","Female","F",35037,148977286,23.5,20.2,"1.8%","N181999",,,,
"","2004",2004,"Renal failure","N17-N19","Male","M",38154,143828012,26.5,32.3,"2.0%","N181999",,,,
"Total","2004",2004,"Renal failure","N17-N19","","",73191,292805298,25,24.8,"3.8%","N181999",,,,
"Total","2004",2004,"","","","",73191,292805298,25,24.8,"3.8%","N181999",,,,
"","2005",2005,"Renal failure","N17-N19","Female","F",35889,150319521,23.9,20.3,"1.9%","N181999",,,,
"","2005",2005,"Renal failure","N17-N19","Male","M",39359,145197078,27.1,32.7,"2.0%","N181999",,,,
"Total","2005",2005,"Renal failure","N17-N19","","",75248,295516599,25.5,25.1,"3.9%","N181999",,,,
"Total","2005",2005,"","","","",75248,295516599,25.5,25.1,"3.9%","N181999",,,,
"","2006",2006,"Renal failure","N17-N19","Female","F",35228,151732647,23.2,19.6,"1.8%","N181999",,,,
"","2006",2006,"Renal failure","N17-N19","Male","M",39151,146647265,26.7,31.7,"2.0%","N181999",,,,
"Total","2006",2006,"Renal failure","N17-N19","","",74379,298379912,24.9,24.3,"3.8%","N181999",,,,
"Total","2006",2006,"","","","",74379,298379912,24.9,24.3,"3.8%","N181999",,,,
"","2007",2007,"Renal failure","N17-N19","Female","F",34826,153166353,22.7,19,"1.8%","N181999",,,,
"","2007",2007,"Renal failure","N17-N19","Male","M",38600,148064854,26.1,30.6,"2.0%","N181999",,,,
"Total","2007",2007,"Renal failure","N17-N19","","",73426,301231207,24.4,23.5,"3.8%","N181999",,,,
"Total","2007",2007,"","","","",73426,301231207,24.4,23.5,"3.8%","N181999",,,,
"","2008",2008,"Renal failure","N17-N19","Female","F",34081,154604015,22,18.3,"1.8%","N181999",,,,
"","2008",2008,"Renal failure","N17-N19","Male","M",38249,149489951,25.6,29.5,"2.0%","N181999",,,,
"Total","2008",2008,"Renal failure","N17-N19","","",72330,304093966,23.8,22.7,"3.7%","N181999",,,,
"Total","2008",2008,"","","","",72330,304093966,23.8,22.7,"3.7%","N181999",,,,
"","2009",2009,"Renal failure","N17-N19","Female","F",33437,155964075,21.4,17.7,"1.7%","N181999",,,,
"","2009",2009,"Renal failure","N17-N19","Male","M",38249,150807454,25.4,28.7,"2.0%","N181999",,,,
"Total","2009",2009,"Renal failure","N17-N19","","",71686,306771529,23.4,22.1,"3.7%","N181999",,,,
"Total","2009",2009,"","","","",71686,306771529,23.4,22.1,"3.7%","N181999",,,,
"","2010",2010,"Renal failure","N17-N19","Female","F",33264,156964212,21.2,17.3,"1.7%","N181999",,,,
"","2010",2010,"Renal failure","N17-N19","Male","M",38244,151781326,25.2,28.2,"2.0%","N181999",,,,
"Total","2010",2010,"Renal failure","N17-N19","","",71508,308745538,23.2,21.6,"3.7%","N181999",,,,
"Total","2010",2010,"","","","",71508,308745538,23.2,21.6,"3.7%","N181999",,,,
"","2011",2011,"Renal failure","N17-N19","Female","F",61361,158301098,38.8,30.7,"3.2%","N181999",,,,
"","2011",2011,"Renal failure","N17-N19","Male","M",67037,153290819,43.7,48.3,"3.5%","N181999",,,,
"Total","2011",2011,"Renal failure","N17-N19","","",128398,311591917,41.2,37.8,"6.6%","N181999",,,,
"Total","2011",2011,"","","","",128398,311591917,41.2,37.8,"6.6%","N181999",,,,
"","2012",2012,"Renal failure","N17-N19","Female","F",64799,159421973,40.6,31.6,"3.3%","N181999",,,,
"","2012",2012,"Renal failure","N17-N19","Male","M",70833,154492067,45.8,49.6,"3.7%","N181999",,,,
"Total","2012",2012,"Renal failure","N17-N19","","",135632,313914040,43.2,38.9,"7.0%","N181999",,,,
"Total","2012",2012,"","","","",135632,313914040,43.2,38.9,"7.0%","N181999",,,,
"","2013",2013,"Renal failure","N17-N19","Female","F",38996,160477237,24.3,18.6,"2.0%","N181999",,,,
"","2013",2013,"Renal failure","N17-N19","Male","M",44379,155651602,28.5,30.4,"2.3%","N181999",,,,
"Total","2013",2013,"Renal failure","N17-N19","","",83375,316128839,26.4,23.4,"4.3%","N181999",,,,
"Total","2013",2013,"","","","",83375,316128839,26.4,23.4,"4.3%","N181999",,,,
"","2014",2014,"Renal failure","N17-N19","Female","F",40284,161920569,24.9,18.9,"2.1%","N181999",,,,
"","2014",2014,"Renal failure","N17-N19","Male","M",46117,156936487,29.4,30.7,"2.4%","N181999",,,,
"Total","2014",2014,"Renal failure","N17-N19","","",86401,318857056,27.1,23.7,"4.5%","N181999",,,,
"Total","2014",2014,"","","","",86401,318857056,27.1,23.7,"4.5%","N181999",,,,
"","2015",2015,"Renal failure","N17-N19","Female","F",43822,163189523,26.9,20.2,"2.3%","N181999",,,,
"","2015",2015,"Renal failure","N17-N19","Male","M",50409,158229297,31.9,32.6,"2.6%","N181999",,,,
"Total","2015",2015,"Renal failure","N17-N19","","",94231,321418820,29.3,25.2,"4.9%","N181999",,,,
"Total","2015",2015,"","","","",94231,321418820,29.3,25.2,"4.9%","N181999",,,,
"","2016",2016,"Renal failure","N17-N19","Female","F",46792,164048590,28.5,21.1,"2.4%","N181999",,,,
"","2016",2016,"Renal failure","N17-N19","Male","M",53680,159078923,33.7,33.9,"2.8%","N181999",,,,
"Total","2016",2016,"Renal failure","N17-N19","","",100472,323127513,31.1,26.4,"5.2%","N181999",,,,
"Total","2016",2016,"","","","",100472,323127513,31.1,26.4,"5.2%","N181999",,,,
"","2017",2017,"Renal failure","N17-N19","Female","F",49845,165311059,30.2,22,"2.6%","N181999",,,,
"","2017",2017,"Renal failure","N17-N19","Male","M",56426,160408119,35.2,34.6,"2.9%","N181999",,,,
"Total","2017",2017,"Renal failure","N17-N19","","",106271,325719178,32.6,27.2,"5.5%","N181999",,,,
"Total","2017",2017,"","","","",106271,325719178,32.6,27.2,"5.5%","N181999",,,,
"","2018",2018,"Renal failure","N17-N19","Female","F",51729,166038755,31.2,22.5,"2.7%","N181999",,,,
"","2018",2018,"Renal failure","N17-N19","Male","M",59375,161128679,36.8,35.4,"3.1%","N181999",,,,
"Total","2018",2018,"Renal failure","N17-N19","","",111104,327167434,34,27.9,"5.7%","N181999",,,,
"Total","2018",2018,"","","","",111104,327167434,34,27.9,"5.7%","N181999",,,,
"","2019",2019,"Renal failure","N17-N19","Female","F",54240,166582199,32.6,23.1,"2.8%","N181999",,,,
"","2019",2019,"Renal failure","N17-N19","Male","M",61697,161657324,38.2,35.9,"3.2%","N181999",,,,
"Total","2019",2019,"Renal failure","N17-N19","","",115937,328239523,35.3,28.5,"6.0%","N181999",,,,
"Total","2019",2019,"","","","",115937,328239523,35.3,28.5,"6.0%","N181999",,,,
"","2020",2020,"Renal failure","N17-N19","Female","F",63194,167227921,37.8,26.5,"3.3%","N181999",,,,
"","2020",2020,"Renal failure","N17-N19","Male","M",73137,162256202,45.1,41.7,"3.8%","N181999",,,,
"Total","2020",2020,"Renal failure","N17-N19","","",136331,329484123,41.4,32.9,"7.0%","N181999",,,,
"Total","2020",2020,"","","","",136331,329484123,41.4,32.9,"7.0%","N181999",,,,
"Total",,,"","","","",1938505,6746356647,28.7,26.3,"100.0%","N181999",,,,
"---",,,"","","","",,,,,"","N181999",,,,
"Dataset: Multiple Cause of Death, 1999-2020",,,"","","","",,,,,"","N181999",,,,
"Query Parameters:",,,"","","","",,,,,"","N181999",,,,
"MCD - ICD-10 Codes: N18.0 (End-stage renal disease); N18.1 (Chronic kidney disease, stage 1); N18.2 (Chronic kidney disease,",,,"","","","",,,,,"","N181999",,,,
"stage 2); N18.3 (Chronic kidney disease, stage 3); N18.4 (Chronic kidney disease, stage 4); N18.5 (Chronic kidney disease, stage",,,"","","","",,,,,"","N181999",,,,
"5); N18.8 (Other chronic renal failure); N18.9 (Chronic renal failure, unspecified)",,,"","","","",,,,,"","N181999",,,,
"Group By: Year; MCD - ICD Sub-Chapter; Sex",,,"","","","",,,,,"","N181999",,,,
"Show Totals: True",,,"","","","",,,,,"","N181999",,,,
"Show Zero Values: False",,,"","","","",,,,,"","N181999",,,,
"Show Suppressed: False",,,"","","","",,,,,"","N181999",,,,
"Standard Population: 2000 U.S. Std. Population",,,"","","","",,,,,"","N181999",,,,
"Calculate Rates Per: 100,000",,,"","","","",,,,,"","N181999",,,,
"Rate Options: Default intercensal populations for years 2001-2009 (except Infant Age Groups)",,,"","","","",,,,,"","N181999",,,,
"---",,,"","","","",,,,,"","N181999",,,,
"Help: See http://wonder.cdc.gov/wonder/help/mcd.html for more information.",,,"","","","",,,,,"","N181999",,,,
"---",,,"","","","",,,,,"","N181999",,,,
"Query Date: Mar 2, 2026 8:46:27 PM",,,"","","","",,,,,"","N181999",,,,
"---",,,"","","","",,,,,"","N181999",,,,
"Suggested Citation: Centers for Disease Control and Prevention, National Center for Health Statistics. National Vital Statistics",,,"","","","",,,,,"","N181999",,,,
"System, Mortality 1999-2020 on CDC WONDER Online Database, released in 2021. Data are from the Multiple Cause of Death Files,",,,"","","","",,,,,"","N181999",,,,
"1999-2020, as compiled from data provided by the 57 vital statistics jurisdictions through the Vital Statistics Cooperative",,,"","","","",,,,,"","N181999",,,,
"Program. Accessed at http://wonder.cdc.gov/mcd-icd10.html on Mar 2, 2026 8:46:27 PM",,,"","","","",,,,,"","N181999",,,,
"---",,,"","","","",,,,,"","N181999",,,,
"Footnotes:",,,"","","","",,,,,"","N181999",,,,
"1. Totals and sub-totals show the frequency of the selected causes of death, which may be greater than the number of deaths.",,,"","","","",,,,,"","N181999",,,,
"Note that any single death record may have up to 20 causes. More information.",,,"","","","",,,,,"","N181999",,,,
"---",,,"","","","",,,,,"","N181999",,,,
"Caveats:",,,"","","","",,,,,"","N181999",,,,
"1. As of April 3, 2017, the underlying cause of death has been revised for 125 deaths in 2014. More information:",,,"","","","",,,,,"","N181999",,,,
"http://wonder.cdc.gov/wonder/help/mcd.html#2014-Revision.",,,"","","","",,,,,"","N181999",,,,
"2. Circumstances in Georgia for the years 2008 and 2009 have resulted in unusually high death counts for the ICD-10 cause of",,,"","","","",,,,,"","N181999",,,,
"death code R99, ""Other ill-defined and unspecified causes of mortality."" Caution should be used in interpreting these data.",,,"","","","",,,,,"","N181999",,,,
"More information: http://wonder.cdc.gov/wonder/help/mcd.html#Georgia-Reporting-Anomalies.",,,"","","","",,,,,"","N181999",,,,
"3. Circumstances in New Jersey for the year 2009 have resulted in unusually high death counts for the ICD-10 cause of death code",,,"","","","",,,,,"","N181999",,,,
"R99, ""Other ill-defined and unspecified causes of mortality"" and therefore unusually low death counts in other ICD-10 codes,",,,"","","","",,,,,"","N181999",,,,
"most notably R95, ""Sudden Infant Death Syndrome"" and X40-X49, ""Unintentional poisoning."" Caution should be used in",,,"","","","",,,,,"","N181999",,,,
"interpreting these data. More information: http://wonder.cdc.gov/wonder/help/mcd.html#New-Jersey-Reporting-Anomalies.",,,"","","","",,,,,"","N181999",,,,
"4. Circumstances in California resulted in unusually high death counts for the ICD-10 cause of death code R99, ""Other",,,"","","","",,,,,"","N181999",,,,
"ill-defined and unspecified causes of mortality"" for deaths occurring in years 2000 and 2001. Caution should be used in",,,"","","","",,,,,"","N181999",,,,
"interpreting these data. More information: http://wonder.cdc.gov/wonder/help/mcd.html#California-Reporting-Anomalies.",,,"","","","",,,,,"","N181999",,,,
"5. These items in the results table are not fully selected: Renal failure. The Query Description lists the actual values",,,"","","","",,,,,"","N181999",,,,
"selected.",,,"","","","",,,,,"","N181999",,,,
"6. The populations used to calculate standard age-adjusted rates are documented here: More information:",,,"","","","",,,,,"","N181999",,,,
"http://wonder.cdc.gov/wonder/help/mcd.html#2000 Standard Population.",,,"","","","",,,,,"","N181999",,,,
"7. The method used to calculate age-adjusted rates is documented here: More information:",,,"","","","",,,,,"","N181999",,,,
"http://wonder.cdc.gov/wonder/help/mcd.html#Age-Adjusted Rates.",,,"","","","",,,,,"","N181999",,,,
"8. Deaths for persons of unknown age are included in counts and crude rates, but are not included in age-adjusted rates.",,,"","","","",,,,,"","N181999",,,,
"9. The population figures for year 2020 are bridged-race estimates of the July 1 resident population, from the Vintage 2020",,,"","","","",,,,,"","N181999",,,,
"postcensal series released by NCHS on September 22, 2021. The population figures for year 2019 are bridged-race estimates of the",,,"","","","",,,,,"","N181999",,,,
"July 1 resident population, from the Vintage 2019 postcensal series released by NCHS on July 9, 2020. The population figures for",,,"","","","",,,,,"","N181999",,,,
"year 2018 are bridged-race estimates of the July 1 resident population, from the Vintage 2018 postcensal series released by NCHS",,,"","","","",,,,,"","N181999",,,,
"on June 25, 2019. The population figures for year 2017 are bridged-race estimates of the July 1 resident population, from the",,,"","","","",,,,,"","N181999",,,,
"Vintage 2017 postcensal series released by NCHS on June 27, 2018. The population figures for year 2016 are bridged-race",,,"","","","",,,,,"","N181999",,,,
"estimates of the July 1 resident population, from the Vintage 2016 postcensal series released by NCHS on June 26, 2017. The",,,"","","","",,,,,"","N181999",,,,
"population figures for year 2015 are bridged-race estimates of the July 1 resident population, from the Vintage 2015 postcensal",,,"","","","",,,,,"","N181999",,,,
"series released by NCHS on June 28, 2016. The population figures for year 2014 are bridged-race estimates of the July 1 resident",,,"","","","",,,,,"","N181999",,,,
"population, from the Vintage 2014 postcensal series released by NCHS on June 30, 2015. The population figures for year 2013 are",,,"","","","",,,,,"","N181999",,,,
"bridged-race estimates of the July 1 resident population, from the Vintage 2013 postcensal series released by NCHS on June 26,",,,"","","","",,,,,"","N181999",,,,
"2014. The population figures for year 2012 are bridged-race estimates of the July 1 resident population, from the Vintage 2012",,,"","","","",,,,,"","N181999",,,,
"postcensal series released by NCHS on June 13, 2013. Population figures for 2011 are bridged-race estimates of the July 1",,,"","","","",,,,,"","N181999",,,,
"resident population, from the county-level postcensal Vintage 2011 series released by NCHS on July 18, 2012. Population figures",,,"","","","",,,,,"","N181999",,,,
"for 2010 are April 1 Census counts. The population figures for years 2001 - 2009, are bridged-race estimates of the July 1",,,"","","","",,,,,"","N181999",,,,
"resident population, from the revised intercensal county-level 2000 - 2009 series released by NCHS on October 26, 2012.",,,"","","","",,,,,"","N181999",,,,
"Population figures for 2000 are April 1 Census counts. Population figures for 1999 are from the 1990-1999 intercensal series of",,,"","","","",,,,,"","N181999",,,,
"July 1 estimates. Population figures for Infant Age Groups are the number of live births. <br/><b>Note:</b> Rates and population",,,"","","","",,,,,"","N181999",,,,
"figures for years 2001 - 2009 differ slightly from previously published reports, due to use of the population estimates which",,,"","","","",,,,,"","N181999",,,,
"were available at the time of release.",,,"","","","",,,,,"","N181999",,,,
"10. The population figures used in the calculation of death rates for the age group 'under 1 year' are the estimates of the",,,"","","","",,,,,"","N181999",,,,
"resident population that is under one year of age. More information: http://wonder.cdc.gov/wonder/help/mcd.html#Age Group.",,,"","","","",,,,,"","N181999",,,,
"11. Beginning with the 2018 data, changes have been implemented that affect the counts for ICD-10 cause of death codes O00-O99",,,"","","","",,,,,"","N181999",,,,
"compared to previous practice. In addition, data for the cause of death codes O00-O99 for 2003 through 2017 reflect differences",,,"","","","",,,,,"","N181999",,,,
"in information available to individual states and probable errors. Caution should be used in interpreting these data. More",,,"","","","",,,,,"","N181999",,,,
"information can be found at: https://www.cdc.gov/nchs/maternal-mortality/.",,,"","","","",,,,,"","N181999",,,,
"12. On March 11, 2021, the 2019 mortality data on CDC WONDER was updated with the 2019 mortality data updated by NCHS on March",,,"","","","",,,,,"","N181999",,,,
"4, 2021 to include corrected information for residents of Texas affecting 5 records previously coded to cause code *U01.4,",,,"","","","",,,,,"","N181999",,,,
"Terrorism involving firearms (homicide). The underlying and multiple cause of death codes for 5 records were corrected in the",,,"","","","",,,,,"","N181999",,,,
"2019 data. Underlying and multiple cause of death codes for those 5 records were recoded to Assault (homicide) by other and",,,"","","","",,,,,"","N181999",,,,
"unspecified firearm discharge, ICD-10 code X95. The corrected final death records replaces the data released on December 22,",,,"","","","",,,,,"","N181999",,,,
"2020.",,,"","","","",,,,,"","N181999",,,,
"13. Changes to cause of death classification affect reporting trends. More information:",,,"","","","",,,,,"","N181999",,,,
"http://wonder.cdc.gov/wonder/help/mcd.html#ICD-10 Changes.",,,"","","","",,,,,"","N181999",,,,
"","2018",2018,"Renal failure","N17-N19","Female","F",51729,166038755,31.2,22.5,,"N182018",30.9,31.4,22.3,22.6
"","2018",2018,"Renal failure","N17-N19","Male","M",59375,161128679,36.8,35.4,,"N182018",36.6,37.1,35.2,35.7
"Total","2018",2018,"Renal failure","N17-N19","","",111104,327167434,34,27.9,,"N182018",33.8,34.2,27.7,28
"Total","2018",2018,"","","","",111104,327167434,34,27.9,,"N182018",33.8,34.2,27.7,28
"","2019",2019,"Renal failure","N17-N19","Female","F",54240,166582199,32.6,23.1,,"N182018",32.3,32.8,23,23.3
"","2019",2019,"Renal failure","N17-N19","Male","M",61697,161657324,38.2,35.9,,"N182018",37.9,38.5,35.6,36.2
"Total","2019",2019,"Renal failure","N17-N19","","",115937,328239523,35.3,28.5,,"N182018",35.1,35.5,28.3,28.7
"Total","2019",2019,"","","","",115937,328239523,35.3,28.5,,"N182018",35.1,35.5,28.3,28.7
"","2020",2020,"Renal failure","N17-N19","Female","F",63194,167227921,37.8,26.5,,"N182018",37.5,38.1,26.3,26.8
"","2020",2020,"Renal failure","N17-N19","Male","M",73137,162256202,45.1,41.7,,"N182018",44.7,45.4,41.4,42
"Total","2020",2020,"Renal failure","N17-N19","","",136331,329484123,41.4,32.9,,"N182018",41.2,41.6,32.8,33.1
"Total","2020",2020,"","","","",136331,329484123,41.4,32.9,,"N182018",41.2,41.6,32.8,33.1
"","2021",2021,"Renal failure","N17-N19","Female","F",64575,167509003,38.6,28.4,,"N182018",38.3,38.8,28.1,28.6
"","2021",2021,"Renal failure","N17-N19","Male","M",75048,164384742,45.7,43.8,,"N182018",45.3,46,43.5,44.1
"Total","2021",2021,"Renal failure","N17-N19","","",139623,331893745,42.1,34.9,,"N182018",41.8,42.3,34.7,35.1
"Total","2021",2021,"","","","",139623,331893745,42.1,34.9,,"N182018",41.8,42.3,34.7,35.1
"","2022",2022,"Renal failure","N17-N19","Female","F",61336,168004004,36.5,25.4,,"N182018",36.2,36.8,25.2,25.6
"","2022",2022,"Renal failure","N17-N19","Male","M",69760,165283553,42.2,39.3,,"N182018",41.9,42.5,39,39.6
"Total","2022",2022,"Renal failure","N17-N19","","",131096,333287557,39.3,31.2,,"N182018",39.1,39.5,31,31.4
"Total","2022",2022,"","","","",131096,333287557,39.3,31.2,,"N182018",39.1,39.5,31,31.4
"","2023",2023,"Renal failure","N17-N19","Female","F",58926,169165495,34.8,24.6,,"N182018",34.6,35.1,24.4,24.8
"","2023",2023,"Renal failure","N17-N19","Male","M",65571,165749400,39.6,36.2,,"N182018",39.3,39.9,35.9,36.5
"Total","2023",2023,"Renal failure","N17-N19","","",124497,334914895,37.2,29.5,,"N182018",37,37.4,29.4,29.7
"Total","2023",2023,"","","","",124497,334914895,37.2,29.5,,"N182018",37,37.4,29.4,29.7
"","2024",2024,"Renal failure","N17-N19","Female","F",59982,171773106,34.9,24.2,,"N182018",34.6,35.2,24.1,24.4
"","2024",2024,"Renal failure","N17-N19","Male","M",67130,168337882,39.9,35.7,,"N182018",39.6,40.2,35.4,36
"Total","2024",2024,"Renal failure","N17-N19","","",127112,340110988,37.4,29.2,,"N182018",37.2,37.6,29,29.3
"Total","2024",2024,"","","","",127112,340110988,37.4,29.2,,"N182018",37.2,37.6,29,29.3
"","2025 (provisional)",2025,"Renal failure","N17-N19","Female","F",62706,171773106,36.5,25.4,,"N182018",36.2,36.8,25.2,25.6
"","2025 (provisional)",2025,"Renal failure","N17-N19","Male","M",69148,168337882,41.1,36.8,,"N182018",40.8,41.4,36.5,37.1
"Total","2025 (provisional)",2025,"Renal failure","N17-N19","","",131854,340110988,38.8,30.3,,"N182018",38.6,39,30.1,30.4
"Total","2025 (provisional)",2025,"","","","",131854,340110988,38.8,30.3,,"N182018",38.6,39,30.1,30.4
"Total","",,"","","","",1017554,2665209253,38.2,30.5,,"N182018",38.1,38.3,30.5,30.6
"---","",,"","","","",,,,,,"N182018",,,,
"Dataset: Provisional Mortality Statistics, 2018 through Last Week","",,"","","","",,,,,,"N182018",,,,
"Query Parameters:","",,"","","","",,,,,,"N182018",,,,
"MCD - ICD-10 Codes: N18.0 (End-stage renal disease); N18.1 (Chronic kidney disease, stage 1); N18.2 (Chronic kidney disease,","",,"","","","",,,,,,"N182018",,,,
"stage 2); N18.3 (Chronic kidney disease, stage 3); N18.4 (Chronic kidney disease, stage 4); N18.5 (Chronic kidney disease, stage","",,"","","","",,,,,,"N182018",,,,
"5); N18.8 (Other chronic renal failure); N18.9 (Chronic renal failure, unspecified)","",,"","","","",,,,,,"N182018",,,,
"Year/Month: 2018; 2019; 2020; 2021; 2022; 2023; 2024; 2025 (provisional)","",,"","","","",,,,,,"N182018",,,,
"Group By: Year; MCD - ICD Sub-Chapter; Sex","",,"","","","",,,,,,"N182018",,,,
"Show Totals: True","",,"","","","",,,,,,"N182018",,,,
"Show Zero Values: False","",,"","","","",,,,,,"N182018",,,,
"Show Suppressed: False","",,"","","","",,,,,,"N182018",,,,
"Standard Population: 2000 U.S. Std. Population","",,"","","","",,,,,,"N182018",,,,
"Calculate Rates Per: 100,000","",,"","","","",,,,,,"N182018",,,,
"Rate Options: Default intercensal populations for years 2001-2009 (except Infant Age Groups)","",,"","","","",,,,,,"N182018",,,,
"---","",,"","","","",,,,,,"N182018",,,,
"Help: See http://wonder.cdc.gov/wonder/help/mcd-provisional.html for more information.","",,"","","","",,,,,,"N182018",,,,
"---","",,"","","","",,,,,,"N182018",,,,
"Query Date: Mar 2, 2026 8:49:12 PM","",,"","","","",,,,,,"N182018",,,,
"---","",,"","","","",,,,,,"N182018",,,,
"Suggested Citation: Centers for Disease Control and Prevention, National Center for Health Statistics. National Vital Statistics","",,"","","","",,,,,,"N182018",,,,
"System, Provisional Mortality on CDC WONDER Online Database. Data are from the final Multiple Cause of Death Files, 2018-2024,","",,"","","","",,,,,,"N182018",,,,
"and from provisional data for years 2025 and later, as compiled from data provided by the 57 vital statistics jurisdictions","",,"","","","",,,,,,"N182018",,,,
"through the Vital Statistics Cooperative Program. Accessed at http://wonder.cdc.gov/mcd-icd10-provisional.html on Mar 2, 2026","",,"","","","",,,,,,"N182018",,,,
"8:49:12 PM","",,"","","","",,,,,,"N182018",,,,
"---","",,"","","","",,,,,,"N182018",,,,
"Footnotes:","",,"","","","",,,,,,"N182018",,,,
"1. Totals and sub-totals show the frequency of the selected causes of death, which may be greater than the number of deaths.","",,"","","","",,,,,,"N182018",,,,
"Note that any single death record may have up to 20 causes. More information.","",,"","","","",,,,,,"N182018",,,,
"---","",,"","","","",,,,,,"N182018",,,,
"Caveats:","",,"","","","",,,,,,"N182018",,,,
"1. These items in the results table are not fully selected: Renal failure. The Query Description lists the actual values","",,"","","","",,,,,,"N182018",,,,
"selected.","",,"","","","",,,,,,"N182018",,,,
"2. The populations used to calculate standard age-adjusted rates are documented here: More information:","",,"","","","",,,,,,"N182018",,,,
"http://wonder.cdc.gov/wonder/help/mcd-provisional.html#2000 Standard Population.","",,"","","","",,,,,,"N182018",,,,
"3. The method used to calculate age-adjusted rates is documented here: More information:","",,"","","","",,,,,,"N182018",,,,
"http://wonder.cdc.gov/wonder/help/mcd-provisional.html#Age-Adjusted Rates.","",,"","","","",,,,,,"N182018",,,,
"4. Deaths for persons of unknown age are included in counts and crude rates, but are not included in age-adjusted rates.","",,"","","","",,,,,,"N182018",,,,
"5. The method used to calculate 95% confidence intervals is documented here: More information:","",,"","","","",,,,,,"N182018",,,,
"http://wonder.cdc.gov/wonder/help/mcd-provisional.html#Confidence-Intervals.","",,"","","","",,,,,,"N182018",,,,
"6. The population estimates for years 2022 - 2026 are from separate series of estimates based on the Modified Blended Base","",,"","","","",,,,,,"N182018",,,,
"produced by the US Census Bureau in lieu of the April 1, 2020 decennial population count. The Modified Blended Base consists of","",,"","","","",,,,,,"N182018",,,,
"the blend of Vintage 2020 postcensal population estimates for April 1, 2020, 2020 Demographic Analysis Estimates, and 2020","",,"","","","",,,,,,"N182018",,,,
"Census data from the internal Census Edited File (CEF). Each subsequent series of estimates adjusts the methodology. The","",,"","","","",,,,,,"N182018",,,,
"population figures for years 2024 and later are single-race estimates of the July 1 resident population, from the Vintage 2024","",,"","","","",,,,,,"N182018",,,,
"postcensal series released by the Census Bureau on June 26, 2025. The population figures for year 2023 are single-race estimates","",,"","","","",,,,,,"N182018",,,,
"of the July 1 resident population, from the Vintage 2023 postcensal series released by the Census Bureau on June 27, 2024. The","",,"","","","",,,,,,"N182018",,,,
"population figures for year 2022 are single-race estimates of the July 1 resident population, from the Vintage 2022 postcensal","",,"","","","",,,,,,"N182018",,,,
"series released by the Census Bureau on June 22, 2023. The population figures for year 2021 are single-race estimates of the","",,"","","","",,,,,,"N182018",,,,
"July 1 resident population, based on the Blended Base produced by the US Census Bureau in lieu of the April 1, 2020 decennial","",,"","","","",,,,,,"N182018",,,,
"population count, from the Vintage 2021 postcensal series released by the Census Bureau on June 30, 2022. The population figures","",,"","","","",,,,,,"N182018",,,,
"for year 2020 are single-race estimates of the July 1 resident population, from the Vintage 2020 postcensal series based on","",,"","","","",,,,,,"N182018",,,,
"April 2010 Census, released by the Census Bureau on July 27, 2021. The population figures for year 2019 are single-race","",,"","","","",,,,,,"N182018",,,,
"estimates of the July 1 resident population, from the Vintage 2019 postcensal series based on April 2010 Census, released by the","",,"","","","",,,,,,"N182018",,,,
"Census Bureau on June 25, 2020. The population figures for year 2018 are single-race estimates of the July 1 resident","",,"","","","",,,,,,"N182018",,,,
"population, from the Vintage 2018 postcensal series based on April 2010 Census, released by the Census Bureau on June 20, 2019.","",,"","","","",,,,,,"N182018",,,,
"More information: http://wonder.cdc.gov/wonder/help/mcd-provisional.html#Population Data.","",,"","","","",,,,,,"N182018",,,,
"7. The population figures used in the calculation of death rates for the age group 'under 1 year' are the estimates of the","",,"","","","",,,,,,"N182018",,,,
"resident population that is under one year of age. More information: http://wonder.cdc.gov/wonder/help/mcd-provisional.html#Age","",,"","","","",,,,,,"N182018",,,,
"Group.","",,"","","","",,,,,,"N182018",,,,
"8. Beginning with the 2018 data, changes have been implemented that affect the counts for ICD-10 cause of death codes O00-O99","",,"","","","",,,,,,"N182018",,,,
"compared to previous practice. In addition, data for the cause of death codes O00-O99 for 2003 through 2017 reflect differences","",,"","","","",,,,,,"N182018",,,,
"in information available to individual states and probable errors. Deaths with the underlying cause classified with O00-O99 are","",,"","","","",,,,,,"N182018",,,,
"subject to further processing before these deaths records are considered final. Provisional deaths have not undergone full","",,"","","","",,,,,,"N182018",,,,
"processing and review and therefore should not be considered final for statistical purposes. Caution should be used in","",,"","","","",,,,,,"N182018",,,,
"interpreting these data. More information can be found at: https://www.cdc.gov/nchs/maternal-mortality/.","",,"","","","",,,,,,"N182018",,,,
"9. On March 11, 2021, the 2019 mortality data on CDC WONDER was updated with the 2019 mortality data updated by NCHS on March 4,","",,"","","","",,,,,,"N182018",,,,
"2021 to include corrected information for residents of Texas affecting 5 records previously coded to cause code *U01.4,","",,"","","","",,,,,,"N182018",,,,
"Terrorism involving firearms (homicide). The underlying and multiple cause of death codes for 5 records were corrected in the","",,"","","","",,,,,,"N182018",,,,
"2019 data. Underlying and multiple cause of death codes for those 5 records were recoded to Assault (homicide) by other and","",,"","","","",,,,,,"N182018",,,,
"unspecified firearm discharge, ICD-10 code X95. The corrected final death records replaces the data released on December 22,","",,"","","","",,,,,,"N182018",,,,
"2020.","",,"","","","",,,,,,"N182018",,,,
"10. Connecticut population estimates for 2022 and later years are reported for 9 planning regions as county equivalent areas,","",,"","","","",,,,,,"N182018",,,,
"instead of the former 8 legacy counties in the Vintage 2022 postcensal series released by the Census Bureau on June 22, 2023,","",,"","","","",,,,,,"N182018",,,,
"and in the Vintage 2023 postcensal series released by the Census Bureau on June 27, 2024. Populations estimates for the former","",,"","","","",,,,,,"N182018",,,,
"counties are not available for 2022 and later years. More information:","",,"","","","",,,,,,"N182018",,,,
"http://wonder.cdc.gov/wonder/help/mcd-provisional.html#Connecticut-2022.","",,"","","","",,,,,,"N182018",,,,
"11. After the creation of the final 2023 dataset, North Carolina updated the cause of death information for over 900 death","",,"","","","",,,,,,"N182018",,,,
"certificates to include a cause of death code indicating drug overdose (ICD-10 underlying cause-of-death codes: X40-X44,","",,"","","","",,,,,,"N182018",,,,
"X60-X64, X85, and Y10-Y14). Jurisdictions can continue to update death certificates after the closing of the mortality file. As","",,"","","","",,,,,,"N182018",,,,
"a result, users should consider that the actual death count for drug overdose deaths for North Carolina in 2023 is over 4,400","",,"","","","",,,,,,"N182018",,,,
"deaths, with a crude rate of approximately 41.0 per 100,000 population, and an age-adjusted rate of approximately 42.1 per","",,"","","","",,,,,,"N182018",,,,
"100,000 population. These deaths will not be updated on the final mortality datasets.","",,"","","","",,,,,,"N182018",,,,
"12. Changes to cause of death classification affect reporting trends. More information:","",,"","","","",,,,,,"N182018",,,,
"http://wonder.cdc.gov/wonder/help/mcd-provisional.html#ICD-10 Changes.","",,"","","","",,,,,,"N182018",,,,
"13. Deaths related to external causes of injury or sudden death: In the provisional mortality data, causes of death classified","",,"","","","",,,,,,"N182018",,,,
"as external causes of injury (ICD-10 codes V01-Y89), sudden deaths (ICD-10 codes R95 and R96), or drug poisoning (ICD-10 codes","",,"","","","",,,,,,"N182018",,,,
"T36-T50), have the cause of death labeled as 'Data not shown due to 6 month lag to account for delays in death certificate","",,"","","","",,,,,,"N182018",,,,
"completion for certain causes of death.' For these deaths occurring 24 weeks prior to the final date in the provisional data,","",,"","","","",,,,,,"N182018",,,,
"the number of deaths and related statistics are not available by specific cause of death for ICD-10 codes V01-Y89, R95, R96, or","",,"","","","",,,,,,"N182018",,,,
"T36-T50. More information: http://wonder.cdc.gov/wonder/help/mcd-provisional.html#999.","",,"","","","",,,,,,"N182018",,,,
"14. Deaths occurring through February 14, 2026 as of February 22, 2026.","",,"","","","",,,,,,"N182018",,,,
